abd_l,abd_r,add_l,add_r,bifemsh_l,bifemsh_r,gastroc_l,glut_max_l,glut_max_r,hamstrings_l,hamstrings_r,iliopsoas_l,iliopsoas_r,rect_fem_l,rect_fem_r,soleus_l,tib_ant_l,vasti_l,vasti_r
NaN,NaN,NaN,NaN,NaN,NaN,NaN,NaN,NaN,0.1744,NaN,NaN,NaN,0.0909,NaN,0.0577,0.2231,NaN,NaN
NaN,NaN,NaN,NaN,NaN,NaN,NaN,NaN,NaN,0.1964,NaN,NaN,NaN,0.0974,NaN,0.0598,0.2548,NaN,NaN
NaN,NaN,NaN,NaN,NaN,NaN,NaN,NaN,NaN,0.2088,NaN,NaN,NaN,0.1021,NaN,0.0646,0.2603,NaN,NaN
NaN,NaN,NaN,NaN,NaN,NaN,NaN,NaN,NaN,0.2114,NaN,NaN,NaN,0.1027,NaN,0.0707,0.2423,NaN,NaN
NaN,NaN,NaN,NaN,NaN,NaN,NaN,NaN,NaN,0.2052,NaN,NaN,NaN,0.0998,NaN,0.077,0.2255,NaN,NaN
NaN,NaN,NaN,NaN,NaN,NaN,NaN,NaN,NaN,0.1933,NaN,NaN,NaN,0.0978,NaN,0.0835,0.2103,NaN,NaN
NaN,NaN,NaN,NaN,NaN,NaN,NaN,NaN,NaN,0.1798,NaN,NaN,NaN,0.0968,NaN,0.0936,0.1987,NaN,NaN
NaN,NaN,NaN,NaN,NaN,NaN,NaN,NaN,NaN,0.1693,NaN,NaN,NaN,0.0946,NaN,0.1097,0.1874,NaN,NaN
NaN,NaN,NaN,NaN,NaN,NaN,NaN,NaN,NaN,0.1597,NaN,NaN,NaN,0.0912,NaN,0.1271,0.1755,NaN,NaN
NaN,NaN,NaN,NaN,NaN,NaN,NaN,NaN,NaN,0.1529,NaN,NaN,NaN,0.0879,NaN,0.1456,0.1645,NaN,NaN
NaN,NaN,NaN,NaN,NaN,NaN,NaN,NaN,NaN,0.1492,NaN,NaN,NaN,0.0831,NaN,0.1667,0.1553,NaN,NaN
NaN,NaN,NaN,NaN,NaN,NaN,NaN,NaN,NaN,0.1454,NaN,NaN,NaN,0.0787,NaN,0.1901,0.1461,NaN,NaN
NaN,NaN,NaN,NaN,NaN,NaN,NaN,NaN,NaN,0.1388,NaN,NaN,NaN,0.0761,NaN,0.2079,0.1388,NaN,NaN
NaN,NaN,NaN,NaN,NaN,NaN,NaN,NaN,NaN,0.1303,NaN,NaN,NaN,0.0743,NaN,0.2242,0.1304,NaN,NaN
NaN,NaN,NaN,NaN,NaN,NaN,NaN,NaN,NaN,0.1227,NaN,NaN,NaN,0.0716,NaN,0.2433,0.1226,NaN,NaN
NaN,NaN,NaN,NaN,NaN,NaN,NaN,NaN,NaN,0.1164,NaN,NaN,NaN,0.0704,NaN,0.2667,0.1147,NaN,NaN
NaN,NaN,NaN,NaN,NaN,NaN,NaN,NaN,NaN,0.1119,NaN,NaN,NaN,0.0699,NaN,0.2894,0.1088,NaN,NaN
NaN,NaN,NaN,NaN,NaN,NaN,NaN,NaN,NaN,0.1119,NaN,NaN,NaN,0.0688,NaN,0.3108,0.1046,NaN,NaN
NaN,NaN,NaN,NaN,NaN,NaN,NaN,NaN,NaN,0.1129,NaN,NaN,NaN,0.0667,NaN,0.3274,0.1032,NaN,NaN
NaN,NaN,NaN,NaN,NaN,NaN,NaN,NaN,NaN,0.1121,NaN,NaN,NaN,0.065,NaN,0.3399,0.0984,NaN,NaN
NaN,NaN,NaN,NaN,NaN,NaN,NaN,NaN,NaN,0.1134,NaN,NaN,NaN,0.0628,NaN,0.3471,0.0952,NaN,NaN
NaN,NaN,NaN,NaN,NaN,NaN,NaN,NaN,NaN,0.1114,NaN,NaN,NaN,0.0606,NaN,0.3501,0.0922,NaN,NaN
NaN,NaN,NaN,NaN,NaN,NaN,NaN,NaN,NaN,0.1098,NaN,NaN,NaN,0.0589,NaN,0.3415,0.0908,NaN,NaN
NaN,NaN,NaN,NaN,NaN,NaN,NaN,NaN,NaN,0.1059,NaN,NaN,NaN,0.0558,NaN,0.3142,0.0867,NaN,NaN
NaN,NaN,NaN,NaN,NaN,NaN,NaN,NaN,NaN,0.1004,NaN,NaN,NaN,0.0541,NaN,0.2741,0.0812,NaN,NaN
NaN,NaN,NaN,NaN,NaN,NaN,NaN,NaN,NaN,0.0945,NaN,NaN,NaN,0.0553,NaN,0.2235,0.0762,NaN,NaN
NaN,NaN,NaN,NaN,NaN,NaN,NaN,NaN,NaN,0.0905,NaN,NaN,NaN,0.0573,NaN,0.1734,0.0735,NaN,NaN
NaN,NaN,NaN,NaN,NaN,NaN,NaN,NaN,NaN,0.0881,NaN,NaN,NaN,0.0605,NaN,0.1329,0.0716,NaN,NaN
NaN,NaN,NaN,NaN,NaN,NaN,NaN,NaN,NaN,0.0874,NaN,NaN,NaN,0.0604,NaN,0.1068,0.0731,NaN,NaN
NaN,NaN,NaN,NaN,NaN,NaN,NaN,NaN,NaN,0.0883,NaN,NaN,NaN,0.0587,NaN,0.0878,0.0801,NaN,NaN
NaN,NaN,NaN,NaN,NaN,NaN,NaN,NaN,NaN,0.089,NaN,NaN,NaN,0.0559,NaN,0.0751,0.0959,NaN,NaN
NaN,NaN,NaN,NaN,NaN,NaN,NaN,NaN,NaN,0.0912,NaN,NaN,NaN,0.0525,NaN,0.0654,0.1219,NaN,NaN
NaN,NaN,NaN,NaN,NaN,NaN,NaN,NaN,NaN,0.0932,NaN,NaN,NaN,0.0488,NaN,0.0598,0.1545,NaN,NaN
NaN,NaN,NaN,NaN,NaN,NaN,NaN,NaN,NaN,0.0933,NaN,NaN,NaN,0.046,NaN,0.058,0.1851,NaN,NaN
NaN,NaN,NaN,NaN,NaN,NaN,NaN,NaN,NaN,0.0938,NaN,NaN,NaN,0.0434,NaN,0.0551,0.2111,NaN,NaN
NaN,NaN,NaN,NaN,NaN,NaN,NaN,NaN,NaN,0.0924,NaN,NaN,NaN,0.0418,NaN,0.0527,0.2314,NaN,NaN
NaN,NaN,NaN,NaN,NaN,NaN,NaN,NaN,NaN,0.0889,NaN,NaN,NaN,0.0419,NaN,0.0509,0.2456,NaN,NaN
NaN,NaN,NaN,NaN,NaN,NaN,NaN,NaN,NaN,0.0848,NaN,NaN,NaN,0.0431,NaN,0.0489,0.2518,NaN,NaN
NaN,NaN,NaN,NaN,NaN,NaN,NaN,NaN,NaN,0.0778,NaN,NaN,NaN,0.0435,NaN,0.0462,0.2494,NaN,NaN
NaN,NaN,NaN,NaN,NaN,NaN,NaN,NaN,NaN,0.0717,NaN,NaN,NaN,0.0437,NaN,0.0432,0.2354,NaN,NaN
NaN,NaN,NaN,NaN,NaN,NaN,NaN,NaN,NaN,0.0687,NaN,NaN,NaN,0.0452,NaN,0.0411,0.2145,NaN,NaN
NaN,NaN,NaN,NaN,NaN,NaN,NaN,NaN,NaN,0.0628,NaN,NaN,NaN,0.0495,NaN,0.0384,0.1877,NaN,NaN
NaN,NaN,NaN,NaN,NaN,NaN,NaN,NaN,NaN,0.0598,NaN,NaN,NaN,0.0556,NaN,0.0358,0.1645,NaN,NaN
NaN,NaN,NaN,NaN,NaN,NaN,NaN,NaN,NaN,0.0608,NaN,NaN,NaN,0.064,NaN,0.0352,0.1513,NaN,NaN
NaN,NaN,NaN,NaN,NaN,NaN,NaN,NaN,NaN,0.0657,NaN,NaN,NaN,0.0727,NaN,0.0365,0.1478,NaN,NaN
NaN,NaN,NaN,NaN,NaN,NaN,NaN,NaN,NaN,0.0738,NaN,NaN,NaN,0.0822,NaN,0.0396,0.1525,NaN,NaN
NaN,NaN,NaN,NaN,NaN,NaN,NaN,NaN,NaN,0.0861,NaN,NaN,NaN,0.0916,NaN,0.0435,0.1615,NaN,NaN
NaN,NaN,NaN,NaN,NaN,NaN,NaN,NaN,NaN,0.1036,NaN,NaN,NaN,0.0951,NaN,0.047,0.1749,NaN,NaN
NaN,NaN,NaN,NaN,NaN,NaN,NaN,NaN,NaN,0.1291,NaN,NaN,NaN,0.0952,NaN,0.0521,0.1882,NaN,NaN
NaN,NaN,NaN,NaN,NaN,NaN,NaN,NaN,NaN,0.1623,NaN,NaN,NaN,0.0924,NaN,0.0568,0.2051,NaN,NaN
NaN,NaN,NaN,NaN,NaN,NaN,NaN,NaN,NaN,0.1939,NaN,NaN,NaN,0.0968,NaN,0.0606,0.2326,NaN,NaN
NaN,NaN,NaN,NaN,NaN,NaN,NaN,NaN,NaN,0.2552,NaN,NaN,NaN,0.1365,NaN,0.0621,0.3452,NaN,NaN
NaN,NaN,NaN,NaN,NaN,NaN,NaN,NaN,NaN,0.2631,NaN,NaN,NaN,0.1644,NaN,0.0644,0.3901,NaN,NaN
NaN,NaN,NaN,NaN,NaN,NaN,NaN,NaN,NaN,0.2626,NaN,NaN,NaN,0.1859,NaN,0.067,0.3961,NaN,NaN
NaN,NaN,NaN,NaN,NaN,NaN,NaN,NaN,NaN,0.2523,NaN,NaN,NaN,0.1908,NaN,0.0709,0.3444,NaN,NaN
NaN,NaN,NaN,NaN,NaN,NaN,NaN,NaN,NaN,0.2316,NaN,NaN,NaN,0.1806,NaN,0.0785,0.2753,NaN,NaN
NaN,NaN,NaN,NaN,NaN,NaN,NaN,NaN,NaN,0.205,NaN,NaN,NaN,0.1612,NaN,0.0899,0.2258,NaN,NaN
NaN,NaN,NaN,NaN,NaN,NaN,NaN,NaN,NaN,0.1779,NaN,NaN,NaN,0.1405,NaN,0.1048,0.1946,NaN,NaN
NaN,NaN,NaN,NaN,NaN,NaN,NaN,NaN,NaN,0.155,NaN,NaN,NaN,0.1232,NaN,0.1246,0.1732,NaN,NaN
NaN,NaN,NaN,NaN,NaN,NaN,NaN,NaN,NaN,0.1409,NaN,NaN,NaN,0.1093,NaN,0.1504,0.1579,NaN,NaN
NaN,NaN,NaN,NaN,NaN,NaN,NaN,NaN,NaN,0.1355,NaN,NaN,NaN,0.0973,NaN,0.1817,0.1464,NaN,NaN
NaN,NaN,NaN,NaN,NaN,NaN,NaN,NaN,NaN,0.1335,NaN,NaN,NaN,0.087,NaN,0.2169,0.1372,NaN,NaN
NaN,NaN,NaN,NaN,NaN,NaN,NaN,NaN,NaN,0.1309,NaN,NaN,NaN,0.0788,NaN,0.2536,0.1298,NaN,NaN
NaN,NaN,NaN,NaN,NaN,NaN,NaN,NaN,NaN,0.1264,NaN,NaN,NaN,0.0728,NaN,0.2879,0.124,NaN,NaN
NaN,NaN,NaN,NaN,NaN,NaN,NaN,NaN,NaN,0.1193,NaN,NaN,NaN,0.0685,NaN,0.3181,0.1188,NaN,NaN
NaN,NaN,NaN,NaN,NaN,NaN,NaN,NaN,NaN,0.1106,NaN,NaN,NaN,0.065,NaN,0.3469,0.1134,NaN,NaN
NaN,NaN,NaN,NaN,NaN,NaN,NaN,NaN,NaN,0.1032,NaN,NaN,NaN,0.0617,NaN,0.3755,0.1077,NaN,NaN
NaN,NaN,NaN,NaN,NaN,NaN,NaN,NaN,NaN,0.099,NaN,NaN,NaN,0.0587,NaN,0.4029,0.1022,NaN,NaN
NaN,NaN,NaN,NaN,NaN,NaN,NaN,NaN,NaN,0.0974,NaN,NaN,NaN,0.0565,NaN,0.4259,0.0971,NaN,NaN
NaN,NaN,NaN,NaN,NaN,NaN,NaN,NaN,NaN,0.0973,NaN,NaN,NaN,0.0553,NaN,0.4418,0.093,NaN,NaN
NaN,NaN,NaN,NaN,NaN,NaN,NaN,NaN,NaN,0.0978,NaN,NaN,NaN,0.0547,NaN,0.4502,0.0904,NaN,NaN
NaN,NaN,NaN,NaN,NaN,NaN,NaN,NaN,NaN,0.097,NaN,NaN,NaN,0.0548,NaN,0.4489,0.0895,NaN,NaN
NaN,NaN,NaN,NaN,NaN,NaN,NaN,NaN,NaN,0.0945,NaN,NaN,NaN,0.0555,NaN,0.4325,0.0889,NaN,NaN
NaN,NaN,NaN,NaN,NaN,NaN,NaN,NaN,NaN,0.0914,NaN,NaN,NaN,0.0564,NaN,0.3971,0.0869,NaN,NaN
NaN,NaN,NaN,NaN,NaN,NaN,NaN,NaN,NaN,0.0885,NaN,NaN,NaN,0.0578,NaN,0.3431,0.0833,NaN,NaN
NaN,NaN,NaN,NaN,NaN,NaN,NaN,NaN,NaN,0.0858,NaN,NaN,NaN,0.0603,NaN,0.2758,0.0781,NaN,NaN
NaN,NaN,NaN,NaN,NaN,NaN,NaN,NaN,NaN,0.0843,NaN,NaN,NaN,0.064,NaN,0.2048,0.0714,NaN,NaN
NaN,NaN,NaN,NaN,NaN,NaN,NaN,NaN,NaN,0.0845,NaN,NaN,NaN,0.0671,NaN,0.1421,0.0654,NaN,NaN
NaN,NaN,NaN,NaN,NaN,NaN,NaN,NaN,NaN,0.0857,NaN,NaN,NaN,0.0673,NaN,0.0954,0.0639,NaN,NaN
NaN,NaN,NaN,NaN,NaN,NaN,NaN,NaN,NaN,0.0862,NaN,NaN,NaN,0.064,NaN,0.0649,0.0727,NaN,NaN
NaN,NaN,NaN,NaN,NaN,NaN,NaN,NaN,NaN,0.0847,NaN,NaN,NaN,0.0591,NaN,0.0473,0.0976,NaN,NaN
NaN,NaN,NaN,NaN,NaN,NaN,NaN,NaN,NaN,0.0824,NaN,NaN,NaN,0.0554,NaN,0.0388,0.1385,NaN,NaN
NaN,NaN,NaN,NaN,NaN,NaN,NaN,NaN,NaN,0.0811,NaN,NaN,NaN,0.0537,NaN,0.0357,0.1888,NaN,NaN
NaN,NaN,NaN,NaN,NaN,NaN,NaN,NaN,NaN,0.0803,NaN,NaN,NaN,0.0528,NaN,0.0357,0.2397,NaN,NaN
NaN,NaN,NaN,NaN,NaN,NaN,NaN,NaN,NaN,0.0792,NaN,NaN,NaN,0.0508,NaN,0.0372,0.284,NaN,NaN
NaN,NaN,NaN,NaN,NaN,NaN,NaN,NaN,NaN,0.0786,NaN,NaN,NaN,0.0478,NaN,0.0389,0.3176,NaN,NaN
NaN,NaN,NaN,NaN,NaN,NaN,NaN,NaN,NaN,0.0788,NaN,NaN,NaN,0.0446,NaN,0.0397,0.3376,NaN,NaN
NaN,NaN,NaN,NaN,NaN,NaN,NaN,NaN,NaN,0.079,NaN,NaN,NaN,0.0419,NaN,0.0396,0.3371,NaN,NaN
NaN,NaN,NaN,NaN,NaN,NaN,NaN,NaN,NaN,0.076,NaN,NaN,NaN,0.04,NaN,0.0387,0.3129,NaN,NaN
NaN,NaN,NaN,NaN,NaN,NaN,NaN,NaN,NaN,0.0695,NaN,NaN,NaN,0.0388,NaN,0.0373,0.2729,NaN,NaN
NaN,NaN,NaN,NaN,NaN,NaN,NaN,NaN,NaN,0.0643,NaN,NaN,NaN,0.0383,NaN,0.0355,0.2271,NaN,NaN
NaN,NaN,NaN,NaN,NaN,NaN,NaN,NaN,NaN,0.0649,NaN,NaN,NaN,0.0391,NaN,0.0335,0.1848,NaN,NaN
NaN,NaN,NaN,NaN,NaN,NaN,NaN,NaN,NaN,0.0735,NaN,NaN,NaN,0.0419,NaN,0.0322,0.1539,NaN,NaN
NaN,NaN,NaN,NaN,NaN,NaN,NaN,NaN,NaN,0.0908,NaN,NaN,NaN,0.0473,NaN,0.0316,0.1389,NaN,NaN
NaN,NaN,NaN,NaN,NaN,NaN,NaN,NaN,NaN,0.1163,NaN,NaN,NaN,0.055,NaN,0.0317,0.1392,NaN,NaN
NaN,NaN,NaN,NaN,NaN,NaN,NaN,NaN,NaN,0.1461,NaN,NaN,NaN,0.0646,NaN,0.033,0.1502,NaN,NaN
NaN,NaN,NaN,NaN,NaN,NaN,NaN,NaN,NaN,0.1739,NaN,NaN,NaN,0.0754,NaN,0.0361,0.1691,NaN,NaN
NaN,NaN,NaN,NaN,NaN,NaN,NaN,NaN,NaN,0.1959,NaN,NaN,NaN,0.0865,NaN,0.0406,0.1954,NaN,NaN
NaN,NaN,NaN,NaN,NaN,NaN,NaN,NaN,NaN,0.2127,NaN,NaN,NaN,0.0977,NaN,0.0459,0.2291,NaN,NaN
NaN,NaN,NaN,NaN,NaN,NaN,NaN,NaN,NaN,0.2269,NaN,NaN,NaN,0.1095,NaN,0.0508,0.2699,NaN,NaN
NaN,NaN,NaN,NaN,NaN,NaN,NaN,NaN,NaN,0.2397,NaN,NaN,NaN,0.1255,NaN,0.0546,0.3156,NaN,NaN
NaN,NaN,NaN,NaN,NaN,NaN,NaN,NaN,NaN,0.249,NaN,NaN,NaN,0.1495,NaN,0.0578,0.3606,NaN,NaN
NaN,NaN,NaN,NaN,NaN,NaN,NaN,NaN,NaN,0.3355,NaN,NaN,NaN,0.2187,NaN,0.1066,0.4834,NaN,NaN
NaN,NaN,NaN,NaN,NaN,NaN,NaN,NaN,NaN,0.3178,NaN,NaN,NaN,0.2662,NaN,0.1056,0.5109,NaN,NaN
NaN,NaN,NaN,NaN,NaN,NaN,NaN,NaN,NaN,0.3042,NaN,NaN,NaN,0.3081,NaN,0.1066,0.5007,NaN,NaN
NaN,NaN,NaN,NaN,NaN,NaN,NaN,NaN,NaN,0.2908,NaN,NaN,NaN,0.3209,NaN,0.1107,0.4392,NaN,NaN
NaN,NaN,NaN,NaN,NaN,NaN,NaN,NaN,NaN,0.2727,NaN,NaN,NaN,0.2974,NaN,0.1188,0.3423,NaN,NaN
NaN,NaN,NaN,NaN,NaN,NaN,NaN,NaN,NaN,0.2483,NaN,NaN,NaN,0.2515,NaN,0.133,0.2517,NaN,NaN
NaN,NaN,NaN,NaN,NaN,NaN,NaN,NaN,NaN,0.2227,NaN,NaN,NaN,0.2022,NaN,0.1547,0.1943,NaN,NaN
NaN,NaN,NaN,NaN,NaN,NaN,NaN,NaN,NaN,0.202,NaN,NaN,NaN,0.1605,NaN,0.1828,0.166,NaN,NaN
NaN,NaN,NaN,NaN,NaN,NaN,NaN,NaN,NaN,0.1882,NaN,NaN,NaN,0.1293,NaN,0.2145,0.1523,NaN,NaN
NaN,NaN,NaN,NaN,NaN,NaN,NaN,NaN,NaN,0.1792,NaN,NaN,NaN,0.1075,NaN,0.247,0.1445,NaN,NaN
NaN,NaN,NaN,NaN,NaN,NaN,NaN,NaN,NaN,0.1723,NaN,NaN,NaN,0.0928,NaN,0.2786,0.1386,NaN,NaN
NaN,NaN,NaN,NaN,NaN,NaN,NaN,NaN,NaN,0.1661,NaN,NaN,NaN,0.0833,NaN,0.3081,0.1326,NaN,NaN
NaN,NaN,NaN,NaN,NaN,NaN,NaN,NaN,NaN,0.1603,NaN,NaN,NaN,0.0776,NaN,0.3351,0.1258,NaN,NaN
NaN,NaN,NaN,NaN,NaN,NaN,NaN,NaN,NaN,0.1546,NaN,NaN,NaN,0.0742,NaN,0.3606,0.1194,NaN,NaN
NaN,NaN,NaN,NaN,NaN,NaN,NaN,NaN,NaN,0.1484,NaN,NaN,NaN,0.072,NaN,0.3862,0.1144,NaN,NaN
NaN,NaN,NaN,NaN,NaN,NaN,NaN,NaN,NaN,0.1414,NaN,NaN,NaN,0.0705,NaN,0.4136,0.1114,NaN,NaN
NaN,NaN,NaN,NaN,NaN,NaN,NaN,NaN,NaN,0.1347,NaN,NaN,NaN,0.0696,NaN,0.4432,0.1102,NaN,NaN
NaN,NaN,NaN,NaN,NaN,NaN,NaN,NaN,NaN,0.13,NaN,NaN,NaN,0.0693,NaN,0.474,0.1109,NaN,NaN
NaN,NaN,NaN,NaN,NaN,NaN,NaN,NaN,NaN,0.1274,NaN,NaN,NaN,0.0692,NaN,0.502,0.1138,NaN,NaN
NaN,NaN,NaN,NaN,NaN,NaN,NaN,NaN,NaN,0.126,NaN,NaN,NaN,0.0692,NaN,0.5208,0.1186,NaN,NaN
NaN,NaN,NaN,NaN,NaN,NaN,NaN,NaN,NaN,0.1246,NaN,NaN,NaN,0.0702,NaN,0.5225,0.1239,NaN,NaN
NaN,NaN,NaN,NaN,NaN,NaN,NaN,NaN,NaN,0.1215,NaN,NaN,NaN,0.0731,NaN,0.5011,0.1275,NaN,NaN
NaN,NaN,NaN,NaN,NaN,NaN,NaN,NaN,NaN,0.1162,NaN,NaN,NaN,0.0783,NaN,0.4542,0.1274,NaN,NaN
NaN,NaN,NaN,NaN,NaN,NaN,NaN,NaN,NaN,0.1092,NaN,NaN,NaN,0.0846,NaN,0.3856,0.1219,NaN,NaN
NaN,NaN,NaN,NaN,NaN,NaN,NaN,NaN,NaN,0.1023,NaN,NaN,NaN,0.0901,NaN,0.3054,0.1113,NaN,NaN
NaN,NaN,NaN,NaN,NaN,NaN,NaN,NaN,NaN,0.0976,NaN,NaN,NaN,0.094,NaN,0.2259,0.0992,NaN,NaN
NaN,NaN,NaN,NaN,NaN,NaN,NaN,NaN,NaN,0.0953,NaN,NaN,NaN,0.0977,NaN,0.1572,0.0921,NaN,NaN
NaN,NaN,NaN,NaN,NaN,NaN,NaN,NaN,NaN,0.0938,NaN,NaN,NaN,0.1033,NaN,0.1061,0.0994,NaN,NaN
NaN,NaN,NaN,NaN,NaN,NaN,NaN,NaN,NaN,0.0911,NaN,NaN,NaN,0.1116,NaN,0.0738,0.1292,NaN,NaN
NaN,NaN,NaN,NaN,NaN,NaN,NaN,NaN,NaN,0.0867,NaN,NaN,NaN,0.122,NaN,0.0573,0.1826,NaN,NaN
NaN,NaN,NaN,NaN,NaN,NaN,NaN,NaN,NaN,0.0813,NaN,NaN,NaN,0.1321,NaN,0.0511,0.2494,NaN,NaN
NaN,NaN,NaN,NaN,NaN,NaN,NaN,NaN,NaN,0.0757,NaN,NaN,NaN,0.1374,NaN,0.0501,0.3128,NaN,NaN
NaN,NaN,NaN,NaN,NaN,NaN,NaN,NaN,NaN,0.0708,NaN,NaN,NaN,0.1344,NaN,0.051,0.3607,NaN,NaN
NaN,NaN,NaN,NaN,NaN,NaN,NaN,NaN,NaN,0.0675,NaN,NaN,NaN,0.1233,NaN,0.0521,0.3921,NaN,NaN
NaN,NaN,NaN,NaN,NaN,NaN,NaN,NaN,NaN,0.0664,NaN,NaN,NaN,0.108,NaN,0.0528,0.4109,NaN,NaN
NaN,NaN,NaN,NaN,NaN,NaN,NaN,NaN,NaN,0.0671,NaN,NaN,NaN,0.0935,NaN,0.0527,0.416,NaN,NaN
NaN,NaN,NaN,NaN,NaN,NaN,NaN,NaN,NaN,0.0685,NaN,NaN,NaN,0.0829,NaN,0.0519,0.4026,NaN,NaN
NaN,NaN,NaN,NaN,NaN,NaN,NaN,NaN,NaN,0.0694,NaN,NaN,NaN,0.0759,NaN,0.0504,0.37,NaN,NaN
NaN,NaN,NaN,NaN,NaN,NaN,NaN,NaN,NaN,0.0712,NaN,NaN,NaN,0.0707,NaN,0.0487,0.3245,NaN,NaN
NaN,NaN,NaN,NaN,NaN,NaN,NaN,NaN,NaN,0.0791,NaN,NaN,NaN,0.066,NaN,0.0478,0.2751,NaN,NaN
NaN,NaN,NaN,NaN,NaN,NaN,NaN,NaN,NaN,0.0995,NaN,NaN,NaN,0.0625,NaN,0.0482,0.23,NaN,NaN
NaN,NaN,NaN,NaN,NaN,NaN,NaN,NaN,NaN,0.1362,NaN,NaN,NaN,0.0615,NaN,0.0504,0.1976,NaN,NaN
NaN,NaN,NaN,NaN,NaN,NaN,NaN,NaN,NaN,0.1882,NaN,NaN,NaN,0.0649,NaN,0.0538,0.1836,NaN,NaN
NaN,NaN,NaN,NaN,NaN,NaN,NaN,NaN,NaN,0.2494,NaN,NaN,NaN,0.0735,NaN,0.0584,0.1885,NaN,NaN
NaN,NaN,NaN,NaN,NaN,NaN,NaN,NaN,NaN,0.3104,NaN,NaN,NaN,0.087,NaN,0.0646,0.2079,NaN,NaN
NaN,NaN,NaN,NaN,NaN,NaN,NaN,NaN,NaN,0.3588,NaN,NaN,NaN,0.1038,NaN,0.0729,0.2379,NaN,NaN
NaN,NaN,NaN,NaN,NaN,NaN,NaN,NaN,NaN,0.3839,NaN,NaN,NaN,0.1223,NaN,0.083,0.2789,NaN,NaN
NaN,NaN,NaN,NaN,NaN,NaN,NaN,NaN,NaN,0.383,NaN,NaN,NaN,0.1422,NaN,0.0935,0.3319,NaN,NaN
NaN,NaN,NaN,NaN,NaN,NaN,NaN,NaN,NaN,0.3636,NaN,NaN,NaN,0.1656,NaN,0.1012,0.3915,NaN,NaN
NaN,NaN,NaN,NaN,NaN,NaN,NaN,NaN,NaN,0.3376,NaN,NaN,NaN,0.1963,NaN,0.104,0.445,NaN,NaN
NaN,NaN,NaN,NaN,NaN,NaN,NaN,NaN,NaN,0.3134,NaN,NaN,NaN,0.2371,NaN,0.1034,0.4797,NaN,NaN
NaN,NaN,NaN,NaN,NaN,NaN,NaN,NaN,NaN,0.4359,NaN,NaN,NaN,0.3171,NaN,0.1863,0.5598,NaN,NaN
NaN,NaN,NaN,NaN,NaN,NaN,NaN,NaN,NaN,0.3997,NaN,NaN,NaN,0.3798,NaN,0.1724,0.5781,NaN,NaN
NaN,NaN,NaN,NaN,NaN,NaN,NaN,NaN,NaN,0.3696,NaN,NaN,NaN,0.4371,NaN,0.1599,0.5617,NaN,NaN
NaN,NaN,NaN,NaN,NaN,NaN,NaN,NaN,NaN,0.3442,NaN,NaN,NaN,0.461,NaN,0.1545,0.5053,NaN,NaN
NaN,NaN,NaN,NaN,NaN,NaN,NaN,NaN,NaN,0.3225,NaN,NaN,NaN,0.4366,NaN,0.1587,0.4164,NaN,NaN
NaN,NaN,NaN,NaN,NaN,NaN,NaN,NaN,NaN,0.3038,NaN,NaN,NaN,0.3746,NaN,0.172,0.3197,NaN,NaN
NaN,NaN,NaN,NaN,NaN,NaN,NaN,NaN,NaN,0.2877,NaN,NaN,NaN,0.2994,NaN,0.1918,0.2421,NaN,NaN
NaN,NaN,NaN,NaN,NaN,NaN,NaN,NaN,NaN,0.2732,NaN,NaN,NaN,0.231,NaN,0.215,0.1943,NaN,NaN
NaN,NaN,NaN,NaN,NaN,NaN,NaN,NaN,NaN,0.2593,NaN,NaN,NaN,0.1786,NaN,0.2388,0.1707,NaN,NaN
NaN,NaN,NaN,NaN,NaN,NaN,NaN,NaN,NaN,0.2457,NaN,NaN,NaN,0.1438,NaN,0.2614,0.1605,NaN,NaN
NaN,NaN,NaN,NaN,NaN,NaN,NaN,NaN,NaN,0.2328,NaN,NaN,NaN,0.124,NaN,0.2828,0.1563,NaN,NaN
NaN,NaN,NaN,NaN,NaN,NaN,NaN,NaN,NaN,0.221,NaN,NaN,NaN,0.115,NaN,0.3059,0.1537,NaN,NaN
NaN,NaN,NaN,NaN,NaN,NaN,NaN,NaN,NaN,0.2108,NaN,NaN,NaN,0.1119,NaN,0.3352,0.1511,NaN,NaN
NaN,NaN,NaN,NaN,NaN,NaN,NaN,NaN,NaN,0.203,NaN,NaN,NaN,0.1115,NaN,0.3746,0.1483,NaN,NaN
NaN,NaN,NaN,NaN,NaN,NaN,NaN,NaN,NaN,0.1978,NaN,NaN,NaN,0.112,NaN,0.425,0.1465,NaN,NaN
NaN,NaN,NaN,NaN,NaN,NaN,NaN,NaN,NaN,0.1945,NaN,NaN,NaN,0.1128,NaN,0.4837,0.1471,NaN,NaN
NaN,NaN,NaN,NaN,NaN,NaN,NaN,NaN,NaN,0.1916,NaN,NaN,NaN,0.1138,NaN,0.5444,0.1511,NaN,NaN
NaN,NaN,NaN,NaN,NaN,NaN,NaN,NaN,NaN,0.1888,NaN,NaN,NaN,0.1151,NaN,0.5995,0.1583,NaN,NaN
NaN,NaN,NaN,NaN,NaN,NaN,NaN,NaN,NaN,0.1861,NaN,NaN,NaN,0.1172,NaN,0.6413,0.1674,NaN,NaN
NaN,NaN,NaN,NaN,NaN,NaN,NaN,NaN,NaN,0.1824,NaN,NaN,NaN,0.1205,NaN,0.6618,0.1761,NaN,NaN
NaN,NaN,NaN,NaN,NaN,NaN,NaN,NaN,NaN,0.1757,NaN,NaN,NaN,0.1251,NaN,0.6534,0.1812,NaN,NaN
NaN,NaN,NaN,NaN,NaN,NaN,NaN,NaN,NaN,0.1646,NaN,NaN,NaN,0.1305,NaN,0.611,0.1794,NaN,NaN
NaN,NaN,NaN,NaN,NaN,NaN,NaN,NaN,NaN,0.1499,NaN,NaN,NaN,0.1353,NaN,0.5363,0.1693,NaN,NaN
NaN,NaN,NaN,NaN,NaN,NaN,NaN,NaN,NaN,0.1345,NaN,NaN,NaN,0.1384,NaN,0.4389,0.1528,NaN,NaN
NaN,NaN,NaN,NaN,NaN,NaN,NaN,NaN,NaN,0.1218,NaN,NaN,NaN,0.1413,NaN,0.3354,0.1366,NaN,NaN
NaN,NaN,NaN,NaN,NaN,NaN,NaN,NaN,NaN,0.1138,NaN,NaN,NaN,0.1486,NaN,0.2419,0.1306,NaN,NaN
NaN,NaN,NaN,NaN,NaN,NaN,NaN,NaN,NaN,0.1097,NaN,NaN,NaN,0.1661,NaN,0.1691,0.1469,NaN,NaN
NaN,NaN,NaN,NaN,NaN,NaN,NaN,NaN,NaN,0.1066,NaN,NaN,NaN,0.1978,NaN,0.1202,0.1939,NaN,NaN
NaN,NaN,NaN,NaN,NaN,NaN,NaN,NaN,NaN,0.102,NaN,NaN,NaN,0.2425,NaN,0.0927,0.2705,NaN,NaN
NaN,NaN,NaN,NaN,NaN,NaN,NaN,NaN,NaN,0.0956,NaN,NaN,NaN,0.2913,NaN,0.0809,0.3619,NaN,NaN
NaN,NaN,NaN,NaN,NaN,NaN,NaN,NaN,NaN,0.0886,NaN,NaN,NaN,0.33,NaN,0.0775,0.4456,NaN,NaN
NaN,NaN,NaN,NaN,NaN,NaN,NaN,NaN,NaN,0.0815,NaN,NaN,NaN,0.3465,NaN,0.0771,0.5034,NaN,NaN
NaN,NaN,NaN,NaN,NaN,NaN,NaN,NaN,NaN,0.0751,NaN,NaN,NaN,0.3375,NaN,0.0768,0.5301,NaN,NaN
NaN,NaN,NaN,NaN,NaN,NaN,NaN,NaN,NaN,0.0703,NaN,NaN,NaN,0.309,NaN,0.0759,0.5322,NaN,NaN
NaN,NaN,NaN,NaN,NaN,NaN,NaN,NaN,NaN,0.0681,NaN,NaN,NaN,0.2718,NaN,0.0742,0.5182,NaN,NaN
NaN,NaN,NaN,NaN,NaN,NaN,NaN,NaN,NaN,0.0687,NaN,NaN,NaN,0.236,NaN,0.0716,0.4924,NaN,NaN
NaN,NaN,NaN,NaN,NaN,NaN,NaN,NaN,NaN,0.0711,NaN,NaN,NaN,0.2064,NaN,0.0679,0.4557,NaN,NaN
NaN,NaN,NaN,NaN,NaN,NaN,NaN,NaN,NaN,0.0758,NaN,NaN,NaN,0.1824,NaN,0.0639,0.4083,NaN,NaN
NaN,NaN,NaN,NaN,NaN,NaN,NaN,NaN,NaN,0.0862,NaN,NaN,NaN,0.1614,NaN,0.0607,0.3542,NaN,NaN
NaN,NaN,NaN,NaN,NaN,NaN,NaN,NaN,NaN,0.1081,NaN,NaN,NaN,0.1421,NaN,0.0599,0.3013,NaN,NaN
NaN,NaN,NaN,NaN,NaN,NaN,NaN,NaN,NaN,0.1477,NaN,NaN,NaN,0.1259,NaN,0.0635,0.2588,NaN,NaN
NaN,NaN,NaN,NaN,NaN,NaN,NaN,NaN,NaN,0.2078,NaN,NaN,NaN,0.1152,NaN,0.0728,0.2336,NaN,NaN
NaN,NaN,NaN,NaN,NaN,NaN,NaN,NaN,NaN,0.2855,NaN,NaN,NaN,0.1128,NaN,0.0884,0.228,NaN,NaN
NaN,NaN,NaN,NaN,NaN,NaN,NaN,NaN,NaN,0.3711,NaN,NaN,NaN,0.1196,NaN,0.1088,0.2408,NaN,NaN
NaN,NaN,NaN,NaN,NaN,NaN,NaN,NaN,NaN,0.4499,NaN,NaN,NaN,0.1354,NaN,0.1319,0.2693,NaN,NaN
NaN,NaN,NaN,NaN,NaN,NaN,NaN,NaN,NaN,0.5056,NaN,NaN,NaN,0.1578,NaN,0.1551,0.311,NaN,NaN
NaN,NaN,NaN,NaN,NaN,NaN,NaN,NaN,NaN,0.5266,NaN,NaN,NaN,0.1842,NaN,0.1758,0.3642,NaN,NaN
NaN,NaN,NaN,NaN,NaN,NaN,NaN,NaN,NaN,0.5121,NaN,NaN,NaN,0.2132,NaN,0.1908,0.4252,NaN,NaN
NaN,NaN,NaN,NaN,NaN,NaN,NaN,NaN,NaN,0.4731,NaN,NaN,NaN,0.2465,NaN,0.197,0.4853,NaN,NaN
NaN,NaN,NaN,NaN,NaN,NaN,NaN,NaN,NaN,0.4253,NaN,NaN,NaN,0.2899,NaN,0.1931,0.5323,NaN,NaN
NaN,NaN,NaN,NaN,NaN,NaN,NaN,NaN,NaN,0.3815,NaN,NaN,NaN,0.3478,NaN,0.1823,0.5561,NaN,NaN
NaN,NaN,NaN,NaN,NaN,NaN,NaN,NaN,NaN,0.5479,NaN,NaN,NaN,0.3514,NaN,0.2438,0.5637,NaN,NaN
NaN,NaN,NaN,NaN,NaN,NaN,NaN,NaN,NaN,0.4924,NaN,NaN,NaN,0.4013,NaN,0.2244,0.5794,NaN,NaN
NaN,NaN,NaN,NaN,NaN,NaN,NaN,NaN,NaN,0.4436,NaN,NaN,NaN,0.4431,NaN,0.205,0.5731,NaN,NaN
NaN,NaN,NaN,NaN,NaN,NaN,NaN,NaN,NaN,0.4049,NaN,NaN,NaN,0.4591,NaN,0.1896,0.5405,NaN,NaN
NaN,NaN,NaN,NaN,NaN,NaN,NaN,NaN,NaN,0.3767,NaN,NaN,NaN,0.4392,NaN,0.1807,0.4833,NaN,NaN
NaN,NaN,NaN,NaN,NaN,NaN,NaN,NaN,NaN,0.3572,NaN,NaN,NaN,0.3885,NaN,0.1802,0.4116,NaN,NaN
NaN,NaN,NaN,NaN,NaN,NaN,NaN,NaN,NaN,0.3438,NaN,NaN,NaN,0.3234,NaN,0.1892,0.3405,NaN,NaN
NaN,NaN,NaN,NaN,NaN,NaN,NaN,NaN,NaN,0.3346,NaN,NaN,NaN,0.261,NaN,0.2083,0.2825,NaN,NaN
NaN,NaN,NaN,NaN,NaN,NaN,NaN,NaN,NaN,0.3288,NaN,NaN,NaN,0.2116,NaN,0.2373,0.242,NaN,NaN
NaN,NaN,NaN,NaN,NaN,NaN,NaN,NaN,NaN,0.3262,NaN,NaN,NaN,0.178,NaN,0.2758,0.2168,NaN,NaN
NaN,NaN,NaN,NaN,NaN,NaN,NaN,NaN,NaN,0.3263,NaN,NaN,NaN,0.1584,NaN,0.3229,0.2023,NaN,NaN
NaN,NaN,NaN,NaN,NaN,NaN,NaN,NaN,NaN,0.3283,NaN,NaN,NaN,0.1492,NaN,0.3773,0.1954,NaN,NaN
NaN,NaN,NaN,NaN,NaN,NaN,NaN,NaN,NaN,0.3304,NaN,NaN,NaN,0.1472,NaN,0.4375,0.1944,NaN,NaN
NaN,NaN,NaN,NaN,NaN,NaN,NaN,NaN,NaN,0.3306,NaN,NaN,NaN,0.1502,NaN,0.5016,0.198,NaN,NaN
NaN,NaN,NaN,NaN,NaN,NaN,NaN,NaN,NaN,0.3265,NaN,NaN,NaN,0.157,NaN,0.5673,0.2052,NaN,NaN
NaN,NaN,NaN,NaN,NaN,NaN,NaN,NaN,NaN,0.3174,NaN,NaN,NaN,0.167,NaN,0.6312,0.2147,NaN,NaN
NaN,NaN,NaN,NaN,NaN,NaN,NaN,NaN,NaN,0.3041,NaN,NaN,NaN,0.1787,NaN,0.6881,0.2257,NaN,NaN
NaN,NaN,NaN,NaN,NaN,NaN,NaN,NaN,NaN,0.2878,NaN,NaN,NaN,0.1907,NaN,0.7314,0.2364,NaN,NaN
NaN,NaN,NaN,NaN,NaN,NaN,NaN,NaN,NaN,0.2693,NaN,NaN,NaN,0.2014,NaN,0.7529,0.2442,NaN,NaN
NaN,NaN,NaN,NaN,NaN,NaN,NaN,NaN,NaN,0.2483,NaN,NaN,NaN,0.2105,NaN,0.7456,0.2462,NaN,NaN
NaN,NaN,NaN,NaN,NaN,NaN,NaN,NaN,NaN,0.2244,NaN,NaN,NaN,0.2175,NaN,0.7057,0.2407,NaN,NaN
NaN,NaN,NaN,NaN,NaN,NaN,NaN,NaN,NaN,0.199,NaN,NaN,NaN,0.2217,NaN,0.6349,0.2289,NaN,NaN
NaN,NaN,NaN,NaN,NaN,NaN,NaN,NaN,NaN,0.1753,NaN,NaN,NaN,0.2227,NaN,0.5416,0.2154,NaN,NaN
NaN,NaN,NaN,NaN,NaN,NaN,NaN,NaN,NaN,0.1566,NaN,NaN,NaN,0.2227,NaN,0.4385,0.2076,NaN,NaN
NaN,NaN,NaN,NaN,NaN,NaN,NaN,NaN,NaN,0.1448,NaN,NaN,NaN,0.2277,NaN,0.3401,0.2147,NaN,NaN
NaN,NaN,NaN,NaN,NaN,NaN,NaN,NaN,NaN,0.1395,NaN,NaN,NaN,0.2468,NaN,0.2578,0.2457,NaN,NaN
NaN,NaN,NaN,NaN,NaN,NaN,NaN,NaN,NaN,0.1378,NaN,NaN,NaN,0.2881,NaN,0.1973,0.3057,NaN,NaN
NaN,NaN,NaN,NaN,NaN,NaN,NaN,NaN,NaN,0.1362,NaN,NaN,NaN,0.3533,NaN,0.1584,0.3918,NaN,NaN
NaN,NaN,NaN,NaN,NaN,NaN,NaN,NaN,NaN,0.1323,NaN,NaN,NaN,0.4331,NaN,0.137,0.4905,NaN,NaN
NaN,NaN,NaN,NaN,NaN,NaN,NaN,NaN,NaN,0.1251,NaN,NaN,NaN,0.5098,NaN,0.1265,0.5815,NaN,NaN
NaN,NaN,NaN,NaN,NaN,NaN,NaN,NaN,NaN,0.1156,NaN,NaN,NaN,0.5643,NaN,0.1211,0.646,NaN,NaN
NaN,NaN,NaN,NaN,NaN,NaN,NaN,NaN,NaN,0.1057,NaN,NaN,NaN,0.5861,NaN,0.1168,0.6747,NaN,NaN
NaN,NaN,NaN,NaN,NaN,NaN,NaN,NaN,NaN,0.097,NaN,NaN,NaN,0.5764,NaN,0.1119,0.6699,NaN,NaN
NaN,NaN,NaN,NaN,NaN,NaN,NaN,NaN,NaN,0.0907,NaN,NaN,NaN,0.5443,NaN,0.1064,0.6409,NaN,NaN
NaN,NaN,NaN,NaN,NaN,NaN,NaN,NaN,NaN,0.088,NaN,NaN,NaN,0.5006,NaN,0.1009,0.5968,NaN,NaN
NaN,NaN,NaN,NaN,NaN,NaN,NaN,NaN,NaN,0.0904,NaN,NaN,NaN,0.4525,NaN,0.0956,0.543,NaN,NaN
NaN,NaN,NaN,NaN,NaN,NaN,NaN,NaN,NaN,0.0999,NaN,NaN,NaN,0.4028,NaN,0.0912,0.483,NaN,NaN
NaN,NaN,NaN,NaN,NaN,NaN,NaN,NaN,NaN,0.1195,NaN,NaN,NaN,0.3518,NaN,0.089,0.4207,NaN,NaN
NaN,NaN,NaN,NaN,NaN,NaN,NaN,NaN,NaN,0.1526,NaN,NaN,NaN,0.3007,NaN,0.0908,0.3617,NaN,NaN
NaN,NaN,NaN,NaN,NaN,NaN,NaN,NaN,NaN,0.2022,NaN,NaN,NaN,0.2526,NaN,0.0985,0.3126,NaN,NaN
NaN,NaN,NaN,NaN,NaN,NaN,NaN,NaN,NaN,0.2694,NaN,NaN,NaN,0.2121,NaN,0.1138,0.2793,NaN,NaN
NaN,NaN,NaN,NaN,NaN,NaN,NaN,NaN,NaN,0.3512,NaN,NaN,NaN,0.184,NaN,0.1372,0.2659,NaN,NaN
NaN,NaN,NaN,NaN,NaN,NaN,NaN,NaN,NaN,0.4406,NaN,NaN,NaN,0.1713,NaN,0.1673,0.2727,NaN,NaN
NaN,NaN,NaN,NaN,NaN,NaN,NaN,NaN,NaN,0.5273,NaN,NaN,NaN,0.1741,NaN,0.2008,0.2969,NaN,NaN
NaN,NaN,NaN,NaN,NaN,NaN,NaN,NaN,NaN,0.5992,NaN,NaN,NaN,0.1901,NaN,0.2332,0.334,NaN,NaN
NaN,NaN,NaN,NaN,NaN,NaN,NaN,NaN,NaN,0.6452,NaN,NaN,NaN,0.2149,NaN,0.2599,0.3792,NaN,NaN
NaN,NaN,NaN,NaN,NaN,NaN,NaN,NaN,NaN,0.6587,NaN,NaN,NaN,0.2441,NaN,0.2777,0.4287,NaN,NaN
NaN,NaN,NaN,NaN,NaN,NaN,NaN,NaN,NaN,0.6398,NaN,NaN,NaN,0.2756,NaN,0.2846,0.4779,NaN,NaN
NaN,NaN,NaN,NaN,NaN,NaN,NaN,NaN,NaN,0.596,NaN,NaN,NaN,0.3103,NaN,0.2798,0.5212,NaN,NaN
NaN,NaN,NaN,NaN,NaN,NaN,NaN,NaN,NaN,0.5392,NaN,NaN,NaN,0.3517,NaN,0.2647,0.5524,NaN,NaN
NaN,NaN,NaN,NaN,NaN,NaN,NaN,NaN,NaN,0.4821,NaN,NaN,NaN,0.4004,NaN,0.2434,0.5672,NaN,NaN